Feature\Product;0;1;2;3;4;5;6;7;8;9;10;11;12;13;14;15;16;17;18;
AEPHK_LIB_NAME;-;X;-;X;X;X;-;X;-;-;-;X;X;X;-;-;X;-;-;
AEPRAND;-;-;X;X;-;X;X;-;X;-;X;-;-;X;-;X;-;-;-;
AES_ASM;-;X;X;-;-;-;X;X;-;-;X;X;X;-;X;-;-;-;-;
AES_COMPACT_IN_INNER_ROUNDS;-;X;X;X;-;-;-;X;-;X;X;-;X;-;-;-;-;-;-;
AES_COMPACT_IN_OUTER_ROUNDS;-;X;X;-;-;X;-;X;X;-;-;X;X;-;X;-;-;-;-;
AES_CTR_ASM;-;X;-;X;X;X;-;X;-;-;-;X;X;X;-;X;-;-;-;
AES_DEBUG;-;X;X;-;X;-;-;X;X;X;-;-;-;-;-;-;-;-;-;
AES_WRAP_TEST;-;X;-;X;X;X;-;-;-;X;X;-;X;-;-;X;-;-;-;
AES_XTS_ASM;-;-;X;X;-;X;X;-;-;-;X;X;X;-;-;-;-;-;-;
APPMACROS_ONLY;-;X;X;-;-;X;-;X;-;X;-;-;-;X;X;X;-;-;-;
APP_INIT;-;X;-;-;X;X;-;X;X;-;X;X;-;-;-;-;-;-;-;
ASN1_MAX_STRING_NEST;-;X;X;-;X;X;-;-;-;-;X;-;X;X;-;-;-;-;-;
ATALLA_LIB_NAME;-;-;X;X;X;-;X;-;-;X;-;X;X;-;X;-;-;-;-;
BEOS_THREADS;-;X;-;X;-;X;X;-;-;X;X;X;-;-;X;-;-;X;-;
BF_DEFAULT_OPTIONS;-;X;X;-;X;-;-;-;X;X;X;-;X;-;-;-;-;-;-;
BF_PTR;-;X;X;-;X;X;-;X;-;-;-;-;X;-;-;-;-;-;-;
BF_PTR2;-;X;-;X;X;-;X;-;-;X;-;-;X;X;-;X;-;-;-;
BIO_DEBUG;-;-;X;X;-;X;-;X;X;-;-;X;X;-;-;X;-;-;-;
BIO_PAIR_DEBUG;-;-;X;X;X;-;X;-;-;X;-;X;X;-;-;X;-;-;-;
BIT_FIELD_LIMITS;-;X;X;-;X;-;-;-;X;X;-;X;X;-;-;-;-;-;-;
BN_COUNT;-;X;X;-;X;-;-;X;X;-;-;X;X;-;X;-;-;-;-;
BN_CTX_DEBUG;-;X;X;-;-;X;-;-;X;X;X;X;-;-;-;X;-;-;-;
BN_DEBUG;-;X;-;X;-;-;X;X;X;-;-;-;X;X;-;-;-;-;-;
BN_DEBUG_LEVITTE;-;X;-;X;-;X;-;X;-;X;-;X;-;X;-;X;-;-;-;
BN_DIV2W;-;X;-;X;-;X;X;-;X;-;X;-;-;X;-;X;X;-;-;
BN_DIV3W;-;X;-;X;-;X;X;-;X;-;X;-;-;X;-;X;-;X;-;
BN_LLONG;-;X;-;X;X;-;-;X;X;-;X;-;X;X;-;X;-;-;-;
BN_MUL_COMBA;-;X;-;X;X;-;-;X;X;-;X;X;-;-;X;X;-;-;-;
BN_RECURSION;-;-;X;X;-;X;X;-;-;X;-;X;-;X;X;-;-;-;-;
BN_SQR_COMBA;-;X;X;-;-;-;X;X;X;X;-;X;-;-;-;-;-;-;-;
BN_UMULT_HIGH;-;X;X;-;-;X;X;-;-;X;-;X;X;-;X;-;-;-;-;
BN_UMULT_LOHI;-;-;X;X;X;-;X;-;X;-;X;-;-;X;-;-;X;-;-;
BRANCH_FREE;-;X;-;-;X;X;-;-;X;X;X;X;-;-;-;-;-;-;-;
BSAES_ASM;-;X;-;X;X;-;X;-;X;-;-;X;X;-;X;-;-;-;-;
BSAES_CAPABLE;-;X;X;-;-;X;X;-;-;X;-;-;X;X;-;X;-;-;-;
BSWAP4;-;X;X;-;-;X;-;X;X;-;X;-;X;-;-;X;-;-;-;
BSWAP8;-;X;X;-;-;X;-;X;X;-;X;-;X;-;X;-;X;-;-;
B_ENDIAN;-;X;-;X;X;X;X;-;-;X;-;-;-;-;-;-;-;-;-;
CAMELLIA_DEBUG;-;X;-;X;-;-;X;X;-;X;X;-;-;-;-;-;-;-;-;
CAPI_LIB_NAME;-;X;X;-;X;-;-;X;-;-;X;X;X;-;X;-;-;-;-;
CBC_ENC_C__DONT_UPDATE_IV;-;-;X;X;X;-;X;-;X;-;X;-;-;X;-;X;-;-;-;
CBC_HANDLES_TRUNCATED_IO;-;X;X;-;-;X;-;X;X;-;-;X;X;-;-;X;-;X;-;
CCA4758_LIB_NAME;-;X;-;X;X;-;X;-;X;-;X;-;X;-;-;X;-;-;-;
CERT_KEY_PROV_INFO_PROP_ID;-;X;-;-;X;X;-;X;X;X;-;X;-;-;-;-;-;-;-;
CERT_STORE_CREATE_NEW_FLAG;-;X;-;X;-;X;X;-;X;-;-;-;X;X;X;-;-;X;-;
CERT_STORE_OPEN_EXISTING_FLAG;-;X;X;-;-;-;X;X;X;-;X;-;-;X;X;-;X;-;-;
CERT_SYSTEM_STORE_CURRENT_USER;-;X;X;-;-;-;X;X;-;-;X;X;X;X;-;-;-;-;-;
CFLAGS;-;X;-;X;X;-;-;X;X;-;X;X;-;X;-;-;X;-;-;
CHARSET_EBCDIC;-;X;-;X;X;X;X;-;-;-;-;X;X;-;-;-;-;-;-;
CHARSET_EBCDIC_not;-;X;-;X;X;-;-;X;X;X;-;-;X;-;X;-;-;-;-;
CIPHER_DEBUG;-;X;X;-;X;-;X;-;-;X;-;X;X;X;-;-;-;-;-;
CLK_TCK;-;X;X;-;-;X;-;-;X;-;X;X;X;X;-;-;-;-;-;
CLOCKS_PER_SEC;-;X;-;X;X;-;X;-;X;-;X;X;-;-;X;X;-;-;X;
CLOCK_REALTIME;-;X;-;X;-;X;X;-;-;X;-;X;X;-;-;X;X;-;-;
CL_LIB_NAME;-;-;X;X;-;X;-;X;-;X;X;-;-;-;X;-;X;-;-;
COMPILE_HW_PADLOCK;-;-;X;X;-;X;-;X;-;-;X;X;X;-;-;X;-;-;-;
COMPILE_RSAX;-;X;X;-;X;-;-;X;X;-;X;-;X;X;-;-;-;-;-;
CONF_DEBUG;-;X;X;-;-;X;-;X;-;X;-;X;-;-;X;X;-;-;-;
CONST_STRICT;-;X;-;X;X;-;X;-;X;-;X;X;-;X;-;X;-;-;-;
CP_UTF8;-;-;X;X;-;X;-;X;-;X;-;X;-;X;X;-;-;-;-;
CRIOGET_NOT_NEEDED;-;X;X;-;X;-;X;-;-;X;-;X;-;X;X;-;-;-;-;
CRYPTO_MDEBUG;-;X;-;X;X;-;X;-;X;-;X;-;-;X;X;-;X;-;-;
CRYPTO_MDEBUG_ABORT;-;X;X;-;-;X;-;X;-;-;X;X;-;X;-;-;-;-;-;
CRYPTO_MDEBUG_ALL;-;X;-;X;-;X;X;-;-;X;-;X;X;-;-;X;-;X;-;
CRYPTO_MDEBUG_THREAD;-;X;-;X;X;-;X;-;-;X;-;-;X;-;X;X;-;-;-;
CRYPTO_MDEBUG_TIME;-;X;X;-;-;-;X;-;X;X;-;X;X;-;-;-;-;-;-;
CRYPTUI_SELECT_LOCATION_COLUMN;-;X;-;-;X;X;X;-;X;-;-;-;X;X;-;-;-;-;-;
CSWIFT_LIB_NAME;-;X;X;-;-;X;-;X;X;-;-;X;-;X;-;X;-;X;-;
CURSOR_SHOWING;-;X;X;-;-;X;-;-;X;-;X;X;X;-;X;-;-;-;-;
CUSTOM_EXT;-;-;X;X;-;X;-;X;-;X;X;-;-;-;X;X;-;-;-;
C_PRIME;-;X;X;-;-;X;X;-;X;X;-;-;-;-;-;-;-;-;-;
DATE;-;-;X;-;X;-;X;X;X;X;-;X;-;-;-;-;-;-;-;
DEBUG_DECRYPT;-;X;X;-;-;X;X;-;-;X;-;X;-;X;-;X;-;-;-;
DEBUG_KEYGEN;-;-;X;X;-;X;X;-;X;X;-;-;X;-;-;-;-;-;-;
DEBUG_KEYS;-;X;-;X;-;X;X;-;X;-;-;X;-;X;X;-;-;X;-;
DEBUG_PKCS5V2;-;X;-;X;-;X;-;X;X;-;-;-;X;X;X;-;-;-;-;
DEBUG_PRINT_UNKNOWN_CIPHERSUITES;-;X;X;-;-;-;X;X;X;-;X;-;-;X;-;X;-;-;-;
DEBUG_SIGN;-;X;-;-;X;X;-;X;X;-;X;-;X;-;-;-;-;-;-;
DEBUG_TLS;-;X;X;-;X;-;X;-;-;-;X;X;X;-;X;-;-;-;-;
DEBUG_ZENCOD_MD;-;X;-;X;-;-;X;X;X;-;-;X;X;-;-;-;-;-;-;
DEBUG_ZLIB;-;X;-;X;-;-;X;X;X;X;-;-;-;-;X;-;-;-;-;
DEFAULT_HOME;-;-;X;X;X;-;X;-;-;X;-;-;X;X;-;X;-;-;-;
DEF_DSO_METHOD;-;X;-;X;-;X;-;-;X;X;-;X;X;-;X;-;-;-;-;
DES_DEFAULT_OPTIONS;-;-;X;X;-;X;-;-;X;X;X;-;X;X;-;-;-;-;-;
DES_PTR;-;-;X;X;-;X;X;-;X;-;X;-;X;X;-;-;-;-;-;
DES_RISC1;X;-;X;-;X;-;X;-;X;-;X;-;X;-;-;X;X;X;X;
DES_RISC2;-;X;-;X;-;X;-;X;-;X;-;X;-;X;X;-;-;-;-;
DES_UNROLL;-;X;X;-;-;X;-;-;X;X;-;X;-;X;-;-;-;-;-;
DEVRANDOM;-;X;-;X;-;X;X;-;-;X;-;-;X;X;X;-;-;-;-;
DEVRANDOM_EGD;-;X;X;-;-;X;-;X;X;-;X;-;-;X;-;X;-;-;-;
DJGPP;-;X;-;X;X;-;X;-;X;X;-;-;X;-;-;X;-;-;-;
DOXYGEN;-;X;X;-;-;X;X;-;X;-;-;X;-;-;-;X;X;-;-;
DO_TEST;-;X;-;X;-;X;-;-;X;X;X;-;-;X;-;X;-;-;-;
DSO_BEOS;-;X;X;-;-;-;X;X;X;-;X;X;-;-;X;-;-;-;-;
DSO_DLFCN;-;X;X;-;-;X;-;X;-;-;X;X;X;-;-;-;-;-;-;
DSO_VMS;-;-;X;X;X;-;-;-;X;X;X;-;X;-;-;-;-;-;-;
DTLS1_AD_MISSING_HANDSHAKE_MESSAGE;-;-;X;X;X;-;-;-;X;X;X;X;-;-;-;-;-;-;-;
DYNAMIC_ENGINE;-;-;X;X;-;X;-;X;-;-;X;X;-;X;-;-;-;-;-;
EAI_FAMILY;-;X;-;X;X;-;-;X;X;X;-;X;-;-;-;-;-;-;-;
EALREADY;-;X;X;-;X;-;X;-;X;-;X;-;-;X;X;-;-;-;-;
EFENCE;-;X;X;-;X;-;-;X;X;-;-;X;-;X;X;X;-;-;-;
EINPROGRESS;-;X;-;X;X;-;X;-;X;-;X;X;-;-;X;X;-;X;-;
EINTR;-;-;X;X;-;-;X;X;X;-;X;-;-;X;-;-;-;-;-;
EINVAL;-;X;X;-;X;X;-;-;-;X;-;-;X;-;-;-;-;-;-;
EISCONN;-;X;X;-;X;-;X;-;X;-;-;X;-;X;-;X;X;-;-;
EMSGSIZE;-;X;-;X;-;X;X;-;X;-;X;-;-;X;X;-;X;-;-;
ENGINE_CONF_DEBUG;-;-;X;X;X;-;-;X;X;-;X;X;-;-;-;-;-;-;-;
ENGINE_DYNAMIC_SUPPORT;-;X;-;X;-;X;-;-;X;X;-;X;X;X;-;-;-;-;-;
ENGINE_TABLE_DEBUG;-;X;X;-;-;-;X;X;-;X;-;-;X;X;-;-;-;-;-;
ENOMEM;-;X;-;X;X;X;-;X;-;-;-;X;X;-;X;X;-;-;-;
ENOTCONN;-;X;-;X;X;-;X;X;-;-;X;X;-;-;-;-;-;-;-;
ENOTDIR;-;X;-;X;X;-;X;X;-;-;-;X;X;-;-;-;-;-;-;
ENOTTY;-;X;-;X;-;X;X;X;-;-;X;-;-;X;-;-;-;-;-;
EPROTO;-;X;-;X;X;X;-;X;-;-;X;X;-;-;-;-;-;-;-;
EVMSERR;-;-;X;X;X;-;X;-;-;-;X;X;-;X;-;-;-;-;-;
EVP_CHECK_DES_KEY;-;-;X;X;-;-;-;X;X;X;X;-;-;-;-;-;-;-;-;
EVP_CIPH_FLAG_AEAD_CIPHER;-;X;X;-;X;-;X;-;-;X;-;-;-;X;X;X;-;-;-;
EVP_CIPH_FLAG_DEFAULT_ASN1;-;X;-;-;X;-;X;X;X;-;X;X;-;-;-;-;-;-;-;
EXPERIMENTAL_STR_TO_STRONG_KEY;-;X;-;X;-;X;X;-;-;X;X;-;X;-;X;-;-;-;-;
FD_SETSIZE;-;X;-;X;-;X;X;X;-;-;-;X;-;X;-;-;-;-;-;
FIONBIO;-;X;X;-;X;-;X;-;X;-;-;X;-;X;-;X;-;X;-;
FIPS_AUTH_USER_PASS;-;-;X;X;-;X;-;X;X;-;X;-;-;X;-;-;X;-;-;
FIXBUG;-;X;X;-;-;X;-;X;X;-;-;X;-;X;X;-;-;-;-;
FIX_BUG;-;-;X;-;X;X;-;X;X;X;-;-;X;-;-;-;-;-;-;
FULL_TEST;-;-;X;X;-;X;-;X;X;-;-;X;-;X;X;-;-;-;-;
FULL_UNROLL;-;X;-;X;X;-;-;-;X;X;X;-;-;X;-;-;-;-;-;
FindFirstFile;-;-;X;X;-;X;-;X;-;X;-;X;X;-;-;-;X;-;-;
GCM_FUNCREF_4BIT;-;-;X;X;-;X;X;-;-;X;X;X;-;-;-;-;-;-;-;
GENCB_TEST;-;X;-;X;X;-;-;X;-;X;-;X;X;X;-;X;-;-;-;
GENUINE_DSA;-;X;-;X;-;X;-;X;X;-;-;X;X;-;-;X;X;-;-;
GETPID_IS_MEANINGLESS;-;-;X;-;X;X;X;-;X;X;-;-;X;-;-;-;-;-;-;
GETU32;-;-;X;X;X;-;-;X;X;-;-;X;-;X;-;-;-;-;-;
GHASH;-;X;-;X;-;X;X;-;-;X;-;-;X;-;X;X;-;-;-;
GHASH_ASM;-;X;X;-;-;X;-;X;X;-;-;-;X;X;-;X;-;-;-;
GHASH_CHUNK;-;-;X;X;X;-;-;X;-;X;X;-;-;X;-;-;-;-;-;
GMP_LIB_NAME;-;X;X;X;-;X;-;-;-;-;X;-;X;-;-;-;-;-;-;
GOST_LIB_NAME;-;X;-;X;X;-;X;-;-;X;-;X;-;X;-;-;-;-;-;
GO_FOR_MMX;-;X;-;X;-;X;X;-;-;X;-;X;-;X;-;X;-;-;-;
HAVE_DLFCN_H;-;-;X;X;X;-;-;X;X;X;-;-;-;X;-;-;-;-;-;
HAVE_DLINFO;-;X;X;-;-;X;X;-;X;-;-;-;X;X;-;X;-;X;-;
HAVE_FORK;-;-;X;X;X;-;X;-;X;-;X;-;-;-;X;-;-;-;-;
HAVE_LONG_DOUBLE;-;X;X;-;-;-;X;X;X;-;X;-;X;-;X;-;-;-;-;
HAVE_LONG_LONG;-;-;X;-;X;X;-;X;-;-;X;X;-;-;-;-;-;-;-;
HAVE_STRSTR;-;X;-;X;-;X;X;-;-;-;X;X;X;-;X;-;-;-;-;
HAVE_STRTOUL;-;X;X;-;X;-;-;X;-;X;-;X;X;X;-;-;X;-;-;
HAVE_SYSLOG_R;-;X;-;X;-;X;X;-;X;-;-;X;-;-;-;X;X;-;-;
HAVE_UBSEC_DH;-;-;X;X;-;X;X;X;-;-;-;X;-;-;-;-;-;-;-;
HEADER_BSS_FILE_C;-;X;X;-;X;X;-;-;X;-;-;X;-;X;-;-;-;-;-;
HMAC_TEST_PRIVATE_KEY_FORMAT;-;X;X;-;X;-;-;X;X;-;X;-;-;X;X;-;-;-;-;
HWCRHK_LIB_NAME;-;-;X;X;X;-;-;-;X;X;-;X;X;X;-;X;-;-;-;
HZ;-;-;X;X;-;X;-;X;X;X;-;-;-;X;-;-;-;-;-;
I386_ONLY;-;X;-;X;-;X;X;-;X;-;-;X;-;X;X;-;-;-;X;
IBMCA_LIB_NAME;-;X;-;X;-;-;X;X;-;-;X;X;X;-;-;-;-;-;-;
IN6_IS_ADDR_V4MAPPED;-;X;-;X;X;-;-;X;X;-;X;-;X;X;X;-;-;-;-;
IPPROTO_TCP;-;X;-;X;X;X;-;-;X;X;-;-;X;-;-;X;-;-;-;
IPV6_MTU;-;-;X;X;X;X;-;-;-;X;-;X;-;X;-;X;X;-;-;
IPV6_MTU_DISCOVER;-;-;X;X;-;X;-;X;X;-;-;X;X;X;-;-;-;-;-;
IP_MTU;-;X;X;X;-;-;X;-;-;X;-;X;-;-;-;-;-;-;-;
IP_MTU_DISCOVER;-;X;X;-;-;X;X;-;-;X;X;-;-;X;X;-;-;-;-;
IRIX;-;X;-;X;-;X;-;X;-;X;X;-;X;-;X;X;-;-;-;
IRIX_CC_BUG;-;X;X;-;X;-;-;X;X;-;X;-;X;-;X;-;-;-;-;
KRB5SENDAUTH;-;X;X;-;X;-;X;-;-;X;X;-;X;-;-;-;-;-;-;
KRB5_HEIMDAL;-;X;-;X;-;X;X;-;-;X;X;X;-;-;-;X;-;-;-;
KRB5_MIT_OLD11;-;-;X;X;-;-;X;X;-;-;X;X;-;-;-;-;-;-;-;
KSSL_DEBUG;-;X;-;X;X;-;-;X;-;X;X;-;-;-;X;X;-;-;-;
LEVITTE_DEBUG_MEM;-;-;X;X;X;X;-;-;-;X;-;-;X;X;X;-;-;-;-;
LIBDES_LIT;-;X;-;-;X;X;X;X;-;X;-;-;X;-;-;X;-;-;-;
LINT;-;X;-;-;X;X;X;-;X;-;-;X;X;-;-;-;-;-;-;
LINUX;-;X;-;X;X;-;X;-;X;X;-;X;-;-;-;-;-;-;-;
LOCK_DEBUG;-;X;X;-;X;-;-;X;-;X;-;-;X;X;X;-;-;-;-;
LPDIR_H;-;X;-;X;X;-;X;-;-;X;X;-;X;-;X;-;-;-;-;
LP_MULTIBYTE_AVAILABLE;-;X;X;-;X;-;-;X;-;-;X;X;-;X;-;X;-;-;-;
LP_SYS_WINCE;-;-;X;-;X;X;X;X;-;-;-;X;-;-;X;-;-;-;-;
L_ENDIAN;-;X;-;X;X;-;-;X;-;X;X;-;X;-;-;X;-;-;-;
LeftRotate;-;-;X;X;X;X;-;-;X;-;X;-;-;X;-;-;-;-;-;
MAC_OS_GUSI_SOURCE;-;X;-;X;X;-;X;-;-;X;-;-;-;X;-;X;X;-;-;
MD32_XARRAY;-;X;X;-;-;X;X;-;-;X;X;-;-;X;-;X;-;-;-;
MD_RAND_DEBUG;-;X;-;X;-;X;-;X;X;-;X;X;-;-;-;X;-;-;-;
MODES_DEBUG;-;X;-;X;-;X;-;X;-;X;X;X;-;-;-;X;-;-;-;
MONOLITH;-;-;X;X;-;X;-;X;-;X;X;-;-;X;-;X;-;-;-;
MONT_MUL_MOD;-;-;X;-;X;X;X;X;-;-;-;-;X;-;-;-;-;-;-;
MONT_WORD;-;X;X;-;-;-;X;X;-;X;X;-;-;X;-;X;-;-;-;
MYALLOC;-;X;X;-;X;X;-;-;X;-;-;X;X;-;-;-;-;-;-;
M_KEEP;-;X;X;-;X;-;-;X;-;X;X;-;-;X;X;-;-;-;-;
NAME_MAX;-;-;X;X;-;X;X;-;-;X;X;-;-;X;-;X;-;-;-;
NAML$C_MAXRSS;-;X;-;X;X;-;X;-;X;-;-;X;X;-;-;X;-;-;-;
NDEBUG;-;X;X;-;-;X;-;X;X;-;-;X;-;X;-;X;X;-;-;
NETSCAPE_HANG_BUG;-;X;X;-;X;-;-;X;-;-;X;X;X;-;-;X;-;-;-;
NID_aes_128_cbc_hmac_sha1;-;-;X;X;-;X;-;-;X;X;X;X;X;-;-;-;-;-;-;
NID_aes_128_cfb;-;X;-;X;X;-;-;X;-;X;X;-;X;-;X;-;-;-;-;
NID_aes_128_cfb128;-;-;X;X;X;X;-;-;-;-;X;X;X;-;X;-;-;-;-;
NID_aes_128_ofb;-;X;X;-;-;X;-;X;X;-;-;X;-;-;X;X;-;-;-;
NID_aes_128_ofb128;-;X;-;X;-;X;X;X;-;-;X;-;X;-;-;X;-;-;-;
NID_aes_192_cfb;-;-;X;X;X;-;-;X;-;X;X;-;X;-;-;-;-;-;-;
NID_aes_192_cfb128;-;X;-;X;X;X;-;X;-;X;-;-;-;-;-;-;-;-;-;
NID_aes_192_ofb;-;X;-;X;-;X;-;X;-;X;-;-;X;X;X;-;-;-;-;
NID_aes_192_ofb128;-;X;X;-;X;-;-;X;X;-;-;X;X;X;-;-;-;-;-;
NID_aes_256_cbc_hmac_sha1;-;X;X;-;-;X;X;-;X;-;-;X;-;-;X;-;X;-;-;
NID_aes_256_cfb;-;-;X;X;-;X;-;X;-;X;-;X;-;-;X;X;-;-;-;
NID_aes_256_cfb128;-;X;-;X;-;X;-;X;-;-;X;X;-;X;X;-;-;-;-;
NID_aes_256_ofb;-;X;-;X;X;-;X;-;-;-;X;X;X;X;-;-;-;-;-;
NID_aes_256_ofb128;-;-;X;X;X;-;X;-;X;-;-;-;X;-;X;-;-;-;-;
NID_rc4_hmac_md5;-;X;-;X;X;-;X;-;-;X;-;X;X;-;X;-;-;-;-;
NIST_INT64;-;-;X;X;X;-;-;X;-;X;-;X;-;X;X;-;-;-;-;
NOISY;-;X;X;-;-;X;-;-;X;X;X;-;X;-;X;-;-;-;-;
NOT_USED;-;X;X;-;X;-;X;-;X;-;X;-;-;X;-;X;-;-;-;
NO_ASN1_OLD;-;-;X;-;X;X;-;X;X;-;-;X;X;-;-;-;-;-;-;
NO_BUFFER;-;X;-;X;X;-;X;-;-;X;X;X;-;-;-;X;-;-;-;
NO_CHMOD;-;X;X;-;-;-;X;X;-;X;X;-;X;-;-;X;-;-;-;
NO_DEF_KRB5_CCACHE;-;X;X;-;-;X;X;-;-;-;X;X;-;X;-;-;-;-;-;
NO_FORK;-;-;X;X;-;X;-;X;-;X;-;X;-;X;-;X;-;-;-;
NO_HW;-;X;-;X;X;-;X;-;X;-;X;X;-;-;X;-;X;-;X;
NO_HW_CLUSTER_LABS;-;-;X;X;-;X;X;-;X;-;-;X;X;-;X;-;-;-;-;
NO_IP;-;X;-;X;X;-;X;-;X;-;X;X;-;-;X;-;X;X;-;
NO_MD5CRYPT_1;-;-;X;X;-;X;X;-;X;-;-;X;X;X;-;X;X;X;X;
NO_OLD_ASN1;-;X;X;-;X;-;X;-;-;X;-;X;X;-;-;X;-;-;-;
NO_OPENSSL;-;X;-;X;X;-;-;X;X;-;X;X;-;-;X;-;X;-;-;
NO_RSA;-;X;-;-;X;X;X;-;X;X;-;-;-;X;-;-;-;-;-;
NO_SHUTDOWN;-;X;-;-;X;X;X;X;-;-;-;X;-;-;-;-;-;-;-;
NO_SYSLOG;-;X;-;X;-;X;-;X;X;X;-;-;-;X;-;-;-;-;-;
NO_SYS_TYPES_H;-;X;X;-;X;-;-;X;-;-;X;X;-;X;X;-;-;-;-;
NO_SYS_UN_H;-;X;-;X;X;-;X;-;-;X;-;X;X;-;-;X;-;-;-;
NO_TUNALA;-;X;X;X;-;X;-;-;X;X;-;-;X;X;-;-;-;-;-;
NO_WINDOWS_BRAINDEATH;-;X;X;-;-;X;-;X;X;-;X;-;X;-;X;-;-;X;-;
NURON_LIB_NAME;-;X;X;-;-;-;X;X;-;-;X;X;-;X;X;-;-;-;-;
NX509_SIG;-;-;X;X;X;-;X;-;X;X;-;-;-;-;X;-;-;-;-;
OBJ_XREF_TEST;-;X;-;-;X;X;X;-;X;-;X;X;-;-;-;-;-;-;-;
OBJ_XREF_TEST2;-;-;X;X;-;X;-;X;-;X;X;-;-;X;X;-;-;-;-;
OLD_STR_TO_KEY;-;X;-;X;-;X;X;-;X;-;X;-;X;-;-;X;-;-;-;
OPENBSD_DEV_CRYPTO;-;X;-;X;-;X;X;-;-;X;X;-;-;X;-;X;-;-;-;
OPENSSLDIR;-;-;X;-;X;X;-;X;-;X;-;X;X;-;-;-;-;-;-;
OPENSSL_BN_ASM_GF2m;-;X;-;X;-;-;X;X;X;X;-;-;-;X;-;-;-;-;-;
OPENSSL_BN_ASM_MONT;-;-;X;X;X;-;X;-;-;X;-;X;-;X;-;X;X;-;-;
OPENSSL_BN_ASM_MONT5;-;-;X;-;X;X;X;X;-;-;X;-;-;-;X;-;-;-;-;
OPENSSL_BN_ASM_PART_WORDS;-;X;-;X;-;X;-;X;X;-;X;X;-;-;X;-;-;-;-;
OPENSSL_CAPIENG_DIALOG;-;X;X;-;X;X;-;-;-;X;-;X;-;X;-;-;-;-;-;
OPENSSL_CPUID_OBJ;-;-;X;X;-;X;X;-;-;-;X;-;X;X;X;-;-;-;-;
OPENSSL_CPUID_SETUP;-;X;-;X;X;X;-;X;-;-;-;X;-;X;X;X;-;-;-;
OPENSSL_DRBG_DEFAULT_FLAGS;-;X;X;-;X;-;X;-;X;-;X;X;-;-;-;-;-;-;-;
OPENSSL_DRBG_DEFAULT_TYPE;-;X;X;-;-;-;X;X;-;X;X;-;-;-;X;X;-;-;-;
OPENSSL_EC_BIN_PT_COMP;-;X;-;X;-;X;X;-;X;-;X;-;-;X;X;-;-;X;-;
OPENSSL_IA32_SSE2;-;-;X;-;X;X;X;X;X;-;-;-;-;-;-;-;-;-;-;
OPENSSL_IMPLEMENTS_strncasecmp;-;-;X;X;-;X;-;X;-;-;X;X;X;-;X;-;-;-;-;
OPENSSL_MAX_TLS1_2_CIPHER_LENGTH;-;X;X;-;-;X;-;X;-;X;X;-;-;-;X;-;X;-;-;
OPENSSL_NO_AES;-;X;-;X;-;-;X;-;X;X;X;-;-;X;-;-;-;-;-;
OPENSSL_NO_ASM;-;X;X;-;-;X;-;X;-;X;X;-;X;-;X;-;-;-;-;
OPENSSL_NO_BF;-;X;-;X;-;-;X;-;X;X;X;X;X;-;-;-;X;-;-;
OPENSSL_NO_BIO;-;X;-;X;-;X;X;-;X;-;-;-;X;X;X;-;X;-;-;
OPENSSL_NO_BUF_FREELISTS;-;X;-;X;-;X;X;-;-;-;X;X;X;X;-;-;-;-;-;
OPENSSL_NO_CAMELLIA;-;X;X;-;X;-;X;-;-;X;-;X;-;-;X;X;-;-;-;
OPENSSL_NO_CAPIENG;-;X;X;X;-;-;-;X;-;X;X;X;-;-;-;-;-;-;-;
OPENSSL_NO_CAST;-;X;-;X;X;-;-;X;-;-;X;X;X;-;-;-;-;-;-;
OPENSSL_NO_CHAIN_VERIFY;-;X;-;-;X;X;X;-;X;-;X;-;-;X;-;-;-;-;-;
OPENSSL_NO_CMS;-;X;-;X;-;X;-;X;-;X;X;X;-;-;X;-;-;-;-;
OPENSSL_NO_COMP;-;-;X;-;X;-;X;X;X;X;X;-;-;-;-;-;-;-;-;
OPENSSL_NO_DECC_INIT;-;-;X;X;-;X;X;-;-;X;X;-;X;-;X;-;-;-;-;
OPENSSL_NO_DEPRECATED;-;X;-;X;X;X;-;-;X;-;X;-;-;X;X;-;-;-;-;
OPENSSL_NO_DES;X;X;-;-;X;-;-;X;-;X;X;-;-;-;X;-;-;-;-;
OPENSSL_NO_DESCBCM;-;-;X;X;-;X;X;-;-;X;-;X;X;X;-;-;-;-;-;
OPENSSL_NO_DGRAM;-;-;X;X;X;-;X;-;-;-;X;X;X;-;-;-;-;-;-;
OPENSSL_NO_DH;-;X;-;X;-;-;X;-;X;X;X;X;-;-;X;-;-;-;-;
OPENSSL_NO_DSA;-;-;X;X;-;X;-;X;X;-;-;-;X;-;X;-;-;-;-;
OPENSSL_NO_DTLS1;-;X;X;-;-;X;X;-;-;X;-;X;-;-;X;X;-;-;-;
OPENSSL_NO_DYNAMIC_ENGINE;-;-;X;X;X;-;X;-;-;-;X;X;-;-;X;-;-;-;-;
OPENSSL_NO_EC;-;X;-;X;-;-;X;-;X;X;X;X;X;-;-;X;-;-;-;
OPENSSL_NO_EC2M;-;-;X;X;X;-;-;X;-;X;X;-;-;-;X;-;X;-;-;
OPENSSL_NO_ECDH;-;-;X;-;X;X;X;-;X;-;X;X;-;-;X;-;X;-;-;
OPENSSL_NO_ECDSA;-;X;-;X;-;-;X;X;-;X;-;-;X;X;-;-;-;-;-;
OPENSSL_NO_EC_NISTP_64_GCC_128;-;X;X;-;-;X;X;-;-;-;X;X;X;-;-;-;-;-;-;
OPENSSL_NO_ENGINE;-;X;X;-;-;X;-;X;X;-;X;X;-;-;-;X;-;-;-;
OPENSSL_NO_ERR;-;X;X;-;X;-;X;-;-;X;-;-;X;X;-;X;-;-;-;
OPENSSL_NO_FP_API;-;X;X;-;-;-;X;X;-;X;-;X;-;X;X;-;-;-;-;
OPENSSL_NO_GMP;-;-;X;X;X;-;X;-;X;-;-;X;-;-;X;-;-;-;-;
OPENSSL_NO_GOST;-;X;-;X;-;X;X;X;-;-;X;-;X;-;X;-;-;-;-;
OPENSSL_NO_HASH_COMP;-;X;-;X;X;-;X;-;X;-;X;-;X;-;X;-;-;X;-;
OPENSSL_NO_HEARTBEATS;-;X;-;X;-;X;X;-;-;X;X;X;-;-;X;-;X;-;-;
OPENSSL_NO_HMAC;-;X;-;X;X;-;-;X;-;X;-;X;-;X;X;X;-;-;-;
OPENSSL_NO_HW;-;-;X;-;X;X;X;-;-;X;X;-;X;-;-;-;-;-;-;
OPENSSL_NO_HW_4758_CCA;-;-;X;-;X;X;X;X;-;X;-;-;-;-;-;-;-;-;-;
OPENSSL_NO_HW_AEP;-;X;X;X;-;-;X;-;-;-;X;X;-;-;-;-;-;-;-;
OPENSSL_NO_HW_ATALLA;-;-;X;X;X;-;-;X;-;X;X;-;-;-;X;X;-;-;-;
OPENSSL_NO_HW_CHIL;-;X;X;-;X;-;X;-;-;X;X;X;-;-;-;-;-;-;-;
OPENSSL_NO_HW_CSWIFT;-;X;-;-;X;X;X;-;-;X;X;-;X;-;-;-;-;-;-;
OPENSSL_NO_HW_IBMCA;-;-;X;X;-;X;-;X;X;-;-;-;X;X;-;-;X;-;-;
OPENSSL_NO_HW_NCIPHER;-;X;X;-;-;X;-;X;X;-;X;-;-;X;X;-;-;-;-;
OPENSSL_NO_HW_NURON;-;X;X;-;-;X;X;X;-;-;-;X;-;-;-;-;-;-;-;
OPENSSL_NO_HW_PADLOCK;-;X;X;-;-;-;X;X;X;-;X;-;-;X;X;-;-;X;-;
OPENSSL_NO_HW_SUREWARE;-;X;X;-;-;X;-;X;-;X;X;-;-;X;-;-;-;-;-;
OPENSSL_NO_HW_UBSEC;-;X;-;X;X;X;-;X;-;-;X;-;X;X;-;-;-;-;-;
OPENSSL_NO_HW_ZENCOD;-;X;X;-;X;-;X;-;X;-;X;-;X;-;X;-;-;X;-;
OPENSSL_NO_IDEA;-;X;-;X;X;X;-;-;-;X;X;-;-;X;-;-;-;-;-;
OPENSSL_NO_INLINE_ASM;-;X;X;-;X;X;-;X;-;-;-;X;-;-;-;-;-;-;-;
OPENSSL_NO_JPAKE;-;X;X;X;-;-;X;-;X;-;-;-;-;-;-;-;-;-;-;
OPENSSL_NO_MD2;-;-;X;X;X;-;-;-;X;-;X;X;X;X;-;-;-;-;-;
OPENSSL_NO_MD4;-;-;X;X;X;-;-;-;X;-;X;X;X;-;X;-;-;-;-;
OPENSSL_NO_MD5;-;X;X;-;-;X;X;-;X;-;-;X;-;X;X;-;-;-;-;
OPENSSL_NO_MDC2;-;-;X;X;X;-;-;X;X;-;X;-;-;X;X;-;-;-;-;
OPENSSL_NO_MULTIBYTE;-;-;X;X;-;-;X;X;X;-;-;X;-;X;-;-;-;-;-;
OPENSSL_NO_NEXTPROTONEG;-;X;-;X;X;X;-;-;X;-;X;X;-;-;-;-;-;-;-;
OPENSSL_NO_OBJECT;-;X;-;X;X;X;-;-;-;X;X;X;-;-;-;-;-;-;-;
OPENSSL_NO_OCSP;-;X;-;-;X;X;X;X;-;X;-;-;-;X;-;-;-;-;-;
OPENSSL_NO_POSIX_IO;-;X;-;X;X;-;-;X;-;X;-;X;X;-;X;X;-;-;-;
OPENSSL_NO_PSK;-;X;-;X;X;-;-;X;-;X;X;-;-;X;-;X;-;-;-;
OPENSSL_NO_RC2;-;-;X;X;X;-;-;X;-;-;X;-;X;-;X;-;X;X;-;
OPENSSL_NO_RC4;-;-;X;X;X;-;-;X;-;-;X;-;X;-;X;-;X;-;X;
OPENSSL_NO_RC5;-;-;X;X;X;-;-;X;-;-;X;-;X;-;X;X;-;-;-;
OPENSSL_NO_RDRAND;-;-;X;X;-;X;X;-;X;-;-;-;X;X;X;-;-;-;-;
OPENSSL_NO_RFC3779;-;-;X;-;X;X;X;-;X;X;-;X;-;-;X;-;-;-;-;
OPENSSL_NO_RIPEMD;-;X;X;X;-;-;-;X;X;-;-;X;-;-;-;-;-;-;-;
OPENSSL_NO_RIPEMD160;-;X;X;-;X;-;-;X;-;X;X;-;X;-;X;-;-;-;-;
OPENSSL_NO_RSA;-;X;-;X;-;X;X;-;-;X;-;-;X;X;-;X;-;-;-;
OPENSSL_NO_RSAX;-;X;-;-;X;-;X;X;-;X;X;-;-;-;-;-;-;-;-;
OPENSSL_NO_SCTP;-;X;-;X;X;-;-;X;X;X;-;-;X;-;-;X;-;-;-;
OPENSSL_NO_SEED;-;X;-;-;X;X;-;X;X;X;-;-;X;-;-;-;-;-;-;
OPENSSL_NO_SETVBUF_IONBF;-;X;-;X;-;X;-;X;X;-;X;-;X;-;-;X;X;-;-;
OPENSSL_NO_SHA;-;X;X;X;-;X;-;-;X;X;X;X;-;-;X;-;X;X;X;
OPENSSL_NO_SHA0;X;X;-;-;X;-;X;X;-;-;X;-;X;X;-;X;-;-;-;
OPENSSL_NO_SHA1;X;X;-;-;X;-;X;X;-;X;-;-;X;X;-;X;-;-;-;
OPENSSL_NO_SHA256;-;X;-;X;-;X;-;X;-;X;-;X;-;-;X;X;-;-;-;
OPENSSL_NO_SHA512;-;X;-;-;X;X;-;X;-;X;X;-;-;-;-;-;-;-;-;
OPENSSL_NO_SOCK;-;X;-;X;X;X;X;-;-;-;-;-;X;X;-;-;-;-;-;
OPENSSL_NO_SPEED;-;-;X;X;-;X;X;-;-;X;-;X;X;-;X;-;-;-;-;
OPENSSL_NO_SRP;-;-;X;X;X;-;X;-;X;X;-;-;-;X;-;-;-;-;-;
OPENSSL_NO_SRTP;-;X;-;-;X;X;X;-;X;X;-;-;-;-;X;-;-;-;-;
OPENSSL_NO_SSL2;-;-;X;-;X;X;X;-;X;-;X;X;-;X;-;-;-;-;-;
OPENSSL_NO_SSL3;-;-;X;-;X;X;X;-;X;-;X;X;-;-;X;X;-;-;-;
OPENSSL_NO_STATIC_ENGINE;-;X;X;-;X;-;X;-;X;-;-;X;-;X;X;-;-;-;-;
OPENSSL_NO_STDIO;-;-;X;X;-;X;X;-;-;-;X;X;-;X;-;-;-;-;-;
OPENSSL_NO_TLS;-;X;X;-;X;-;-;-;X;X;X;-;-;X;-;-;-;-;-;
OPENSSL_NO_TLS1;-;X;-;X;-;X;-;X;-;X;X;-;X;-;X;-;X;-;-;
OPENSSL_NO_TLS1_2_CLIENT;-;-;X;X;X;X;-;-;-;X;X;-;X;-;-;-;-;-;-;
OPENSSL_NO_TLSEXT;-;X;-;X;X;-;X;-;X;X;-;-;-;X;-;-;-;X;-;
OPENSSL_NO_WHIRLPOOL;-;-;X;X;-;-;X;X;-;X;X;-;X;-;-;-;-;-;-;
OPENSSL_NO_X509_VERIFY;-;X;-;X;-;X;-;X;X;-;-;X;X;-;-;X;-;X;-;
OPENSSL_OPENBSD_DEV_CRYPTO;-;X;-;X;-;X;X;-;X;-;-;-;X;X;-;X;-;-;-;
OPENSSL_PIC;-;-;X;X;-;-;X;X;X;X;-;-;-;-;-;-;-;-;-;
OPENSSL_POLICY_DEBUG;-;X;X;-;-;X;-;-;X;X;-;X;X;-;-;-;-;-;-;
OPENSSL_RI_DEBUG;-;X;X;-;X;-;-;X;X;-;-;X;-;X;X;-;X;-;-;
OPENSSL_SMALL_FOOTPRINT;-;X;-;-;X;X;X;-;-;X;X;X;-;-;X;-;-;-;-;
OPENSSL_SSL_CLIENT_ENGINE_AUTO;-;-;X;X;X;-;-;X;-;-;X;-;X;X;-;-;-;-;-;
OPENSSL_SUN_GF2M_DIV;-;X;-;X;X;-;X;-;-;-;X;X;X;-;X;-;-;-;-;
OPENSSL_SYS_LINUX;-;-;X;X;X;-;X;X;-;-;-;X;X;-;-;-;-;-;-;
OPENSSL_SYS_MACOSX;-;X;X;-;X;-;X;X;-;-;-;X;-;-;-;-;-;-;-;
OPENSSL_SYS_MPE;-;-;X;X;-;X;X;-;X;-;X;-;-;-;X;X;-;-;-;
OPENSSL_SYS_SUNOS;-;X;X;-;-;X;X;-;X;-;X;-;-;X;X;-;-;-;-;
OPENSSL_SYS_UNIX;-;-;X;-;X;X;-;X;X;-;X;-;-;-;-;-;-;-;-;
OPENSSL_SYS_VOS;-;X;-;X;X;-;X;-;-;X;X;-;X;-;-;X;-;-;-;
OPENSSL_SYS_VOS_HPPA;X;-;X;-;X;X;X;X;-;-;-;X;-;X;-;X;X;X;X;
OPENSSL_SYS_VOS_IA32;-;X;-;X;X;X;-;-;X;X;X;-;X;-;X;-;-;-;-;
OPENSSL_THREADS;-;X;X;-;-;X;-;X;-;X;X;-;-;-;X;X;-;-;-;
OPENSSL_TIME_TEST;-;X;-;X;-;-;X;X;-;X;-;X;X;-;-;-;-;-;-;
OPENSSL_UNISTD;-;X;-;X;-;X;-;-;X;X;X;-;-;X;X;-;-;-;-;
OPENSSL_USE_IPV6;-;-;X;X;-;X;-;X;-;X;-;X;X;-;-;X;-;-;-;
OPENSSl_NO_DH;-;X;X;-;X;-;-;X;-;X;-;X;X;X;-;X;-;-;-;
O_BINARY;-;X;-;X;X;-;-;X;X;-;X;-;X;X;-;-;X;-;-;
O_CREAT;-;X;-;X;X;X;X;-;-;-;-;X;-;X;-;-;-;-;-;
O_NOCTTY;-;X;X;-;-;X;X;-;-;X;X;X;-;-;-;-;-;-;-;
O_NONBLOCK;-;X;X;-;-;X;-;X;-;X;-;X;X;-;X;-;-;-;-;
PART1;-;X;X;-;X;X;-;-;-;-;X;X;X;-;X;-;-;-;-;
PART2;-;X;X;-;X;X;-;-;-;-;X;X;-;X;-;-;-;-;-;
PART3;-;X;X;-;X;X;X;-;-;-;-;-;X;-;-;-;-;-;-;
PART4;-;X;X;-;X;X;X;-;-;-;-;X;-;-;-;-;-;-;-;
PATH_MAX;-;X;-;X;-;X;X;-;X;-;-;X;-;X;-;X;-;-;-;
PBE_PRF_TEST;-;X;X;X;-;-;-;-;X;X;-;X;X;-;-;-;-;-;-;
PEDANTIC;-;X;-;X;X;X;-;-;X;-;X;-;-;X;-;X;-;-;-;
PKCS12_BROKEN_KEYGEN;-;X;-;X;X;X;-;-;X;-;-;X;X;-;-;-;-;-;-;
PKCS1_CHECK;-;X;-;X;-;X;X;-;-;X;X;-;-;-;X;X;-;-;-;
PKCS_TESTVECT;-;X;-;X;X;-;-;X;X;X;-;-;-;X;-;X;-;-;-;
PKT_DEBUG;-;X;-;X;-;-;X;X;X;-;X;-;-;X;-;-;-;-;-;
PLATFORM;-;X;X;X;-;-;-;X;X;-;X;-;-;-;-;-;-;-;-;
PREDICT;-;-;X;X;X;X;-;-;-;-;X;X;X;-;-;X;-;-;-;
PTHREADS;-;-;X;X;X;-;X;-;-;-;X;-;X;X;-;-;-;-;-;
PULL64;-;-;X;X;X;-;X;-;-;X;-;-;X;X;X;-;-;-;-;
PURIFY;-;X;-;X;X;-;X;-;X;-;X;-;X;-;X;-;X;-;-;
PUTU32;-;X;X;-;-;-;X;X;X;X;-;-;X;-;-;-;-;-;-;
RC4_CHUNK;-;X;-;X;-;X;-;X;-;X;-;X;X;-;X;-;-;X;-;
RC4_INDEX;-;X;X;-;-;-;X;X;-;X;-;X;-;X;-;X;-;-;-;
RECP_MUL_MOD;-;X;X;-;X;-;X;X;-;-;-;-;X;-;-;-;-;-;-;
REF_CHECK;-;-;X;X;X;X;-;-;-;X;-;X;X;-;-;-;-;-;-;
REF_PRINT;-;X;-;X;-;X;-;X;-;X;X;-;X;X;-;-;-;-;-;
REMAINDER_IS_ALREADY_CALCULATED;-;-;X;X;X;-;X;-;X;-;-;X;-;X;-;-;X;-;-;
RENEG;-;X;X;-;-;X;X;-;-;X;-;X;X;X;-;-;-;-;-;
REQUEST_EXTENSIONS;-;X;-;X;X;-;X;-;X;-;X;X;-;X;-;-;X;-;-;
REUSE_CIPHER_BUG;-;-;X;-;X;X;-;X;X;X;-;X;-;-;-;-;-;-;-;
RL_DEBUG;-;X;-;X;-;X;-;X;X;-;-;X;-;X;X;-;-;-;-;
ROTATE;-;-;X;X;X;-;X;X;-;-;-;X;-;X;-;-;-;-;-;
ROTR;-;-;X;X;X;-;X;-;-;X;-;X;-;X;-;X;-;X;-;
RSAREF_LIB_NAME;-;X;-;X;-;X;X;-;-;X;-;X;X;-;X;-;X;-;-;
RSA_DEBUG;-;X;-;X;X;-;X;-;X;-;-;X;-;X;X;-;-;-;-;
RSA_NULL;-;-;X;X;-;X;X;-;X;-;X;-;X;-;X;-;-;-;-;
RTLD_GLOBAL;-;-;X;X;-;-;X;X;-;X;-;X;-;X;-;-;-;-;-;
RightRotate;-;X;-;X;X;X;-;X;-;-;-;X;X;-;X;-;X;-;-;
SCREW_THE_PARITY;-;X;-;X;-;X;X;-;X;-;-;X;-;-;X;-;X;-;-;
SCTP_AUTHENTICATION_EVENT;-;X;-;X;X;-;X;-;X;-;X;-;-;X;X;X;-;-;-;
SCTP_AUTH_DEACTIVATE_KEY;-;-;X;X;X;-;-;-;-;X;X;X;X;-;-;-;-;-;-;
SCTP_EVENT;-;X;-;X;X;-;-;X;X;-;-;X;X;-;-;-;-;-;-;
SCTP_PRINFO;-;-;X;X;-;-;X;X;X;-;-;X;X;-;-;-;-;-;-;
SCTP_PR_SCTP_NONE;-;X;-;X;X;X;X;-;-;-;X;-;-;-;X;-;-;-;-;
SCTP_RCVINFO;-;X;-;X;-;X;X;-;X;-;X;-;X;-;-;-;X;-;-;
SCTP_SACK_IMMEDIATELY;-;X;X;-;X;-;X;-;-;X;-;X;X;-;X;-;-;-;-;
SCTP_SNDINFO;-;-;X;X;X;X;-;-;X;-;-;X;X;-;-;-;-;-;-;
SCTP_SNDRCV;-;-;X;X;-;-;X;X;X;-;X;-;X;-;-;-;-;-;-;
SELFTEST;-;-;X;X;X;-;-;X;X;-;-;-;X;-;X;X;-;-;-;
SGTTY;-;X;-;X;-;X;-;X;-;X;-;X;X;X;-;-;-;-;-;
SHA256_ASM;-;-;X;X;X;-;-;X;-;X;-;X;X;-;-;X;-;-;-;
SHA512_ASM;-;X;X;-;-;X;-;X;X;X;-;-;-;-;-;-;-;-;-;
SHA512_BLOCK_CAN_MANAGE_UNALIGNED_DATA;-;X;-;X;-;-;X;X;-;X;-;X;-;X;-;-;-;-;-;
SHA_0;-;X;-;X;X;-;X;-;-;X;-;X;-;-;X;X;-;-;-;
SHA_1;-;X;-;X;X;-;X;-;-;X;X;-;-;-;X;X;-;-;-;
SIGACTION;-;X;-;X;-;X;-;-;X;X;X;X;X;-;-;-;-;-;-;
SIGALARM;-;-;X;X;X;-;X;-;X;-;-;-;X;X;-;-;-;-;-;
SIGALRM;-;X;-;-;X;X;X;-;-;X;X;X;-;X;-;-;-;-;-;
SIGEMT;-;-;X;X;-;X;-;X;X;X;-;-;-;-;X;-;-;-;-;
SIGINT;-;X;X;-;X;X;-;-;-;-;X;X;X;-;-;X;-;-;-;
SIGKILL;-;X;X;-;-;X;-;X;X;-;-;-;X;X;X;-;-;-;-;
SIGUSR1;-;-;X;X;-;X;X;-;X;-;X;-;-;X;X;-;-;X;-;
SIGUSR2;-;-;X;X;-;X;X;-;X;-;X;-;-;X;X;-;X;-;-;
SIGWINCH;-;X;-;X;X;-;-;X;X;-;X;-;X;-;X;X;-;X;-;
SIMICS;-;X;-;X;-;X;X;-;X;-;-;X;-;X;-;-;X;-;-;
SIXTY_FOUR_BIT;-;X;X;-;-;X;X;-;X;-;X;-;-;X;-;X;-;-;-;
SIXTY_FOUR_BIT_LONG;-;-;X;X;-;-;X;X;X;-;-;X;-;-;X;-;-;-;-;
SMALL_REGISTER_BANK;-;-;X;X;-;X;-;X;-;X;-;-;X;X;X;-;-;-;-;
SOLARIS;-;X;X;-;X;-;-;X;-;X;-;X;X;-;X;-;-;-;-;
SOL_SOCKET;-;X;X;-;X;-;-;X;-;X;-;X;-;-;X;X;-;-;-;
SOL_TCP;-;X;X;-;-;X;X;-;-;X;-;-;X;X;X;-;-;-;-;
SOMAXCONN;-;-;X;X;-;X;-;X;X;-;X;-;-;-;X;-;-;-;-;
SO_KEEPALIVE;-;X;-;X;-;X;-;X;X;X;-;-;X;-;-;-;-;-;-;
SO_MAXCONN;-;X;-;X;-;X;X;-;-;X;-;X;-;X;X;-;-;-;-;
SO_RCVTIMEO;-;-;X;X;-;-;X;X;-;X;X;-;-;X;-;-;-;-;-;
SO_REUSEADDR;-;X;-;X;-;X;X;-;-;X;-;X;X;-;X;-;-;X;-;
SO_SNDTIMEO;-;-;X;X;-;X;X;-;-;X;X;-;-;X;X;-;X;-;-;
SS;-;X;X;-;-;X;-;X;-;X;-;X;X;-;-;X;-;-;-;
SSIZE_MAX;-;X;X;-;X;-;X;-;-;X;X;-;-;X;-;-;-;-;-;
SSL3_ALIGN_PAYLOAD;-;X;-;X;X;-;X;-;X;X;-;-;-;X;-;-;X;-;-;
SSL_AD_MISSING_SRP_USERNAME;-;X;X;-;-;X;-;X;-;X;-;-;X;X;X;-;-;-;-;
SSL_DEBUG;-;X;X;-;-;X;-;X;-;X;X;-;X;-;-;X;-;-;-;
SSL_FORBID_ENULL;-;X;X;-;-;X;X;-;X;-;-;-;X;X;-;X;X;-;-;
STD_ERROR_HANDLE;-;X;-;-;X;X;X;X;-;X;-;-;X;-;X;-;-;-;-;
STD_INPUT_HANDLE;-;X;-;X;-;X;X;-;-;X;X;-;X;X;-;-;-;-;-;
STD_OUTPUT_HANDLE;-;-;X;X;X;X;-;-;-;X;-;X;-;X;-;X;-;X;-;
STITCHED_CALL;-;-;X;X;X;X;-;X;-;-;-;-;-;-;-;-;-;-;-;
STRICT_ALIGNMENT;-;X;X;-;X;-;X;-;X;-;X;-;X;-;-;X;-;-;-;
STRING_TABLE_TEST;-;-;X;X;-;X;-;X;X;-;-;-;X;X;-;X;-;-;-;
SUREWARE_LIB_NAME;-;X;X;-;-;X;X;-;X;-;X;-;X;-;-;-;-;-;-;
SXNET_TEST;-;X;X;-;X;-;X;-;X;-;-;-;X;X;X;-;-;-;-;
S_IFBLK;-;X;-;X;X;-;X;-;-;X;-;-;X;X;X;-;-;-;-;
S_IFCHR;-;-;X;X;X;-;X;X;-;-;-;-;X;X;-;-;-;-;-;
S_ISBLK;-;-;X;-;X;X;X;-;X;X;-;X;-;X;-;-;-;-;-;
S_ISCHR;-;X;X;-;-;X;-;-;X;X;X;-;X;-;-;X;-;-;-;
S_ISDIR;-;-;X;X;X;-;-;-;X;X;-;X;-;X;X;X;-;-;-;
TCP_NODELAY;-;X;-;X;X;-;X;X;-;-;X;-;X;-;-;-;-;-;-;
TEMP_GOST_TLS;-;-;X;X;X;-;-;X;-;X;-;-;X;X;X;-;-;-;-;
TERMIO;-;X;-;X;X;-;-;X;X;-;X;-;-;X;X;X;-;-;-;
TERMIOS;-;X;-;-;X;X;X;X;X;-;-;-;-;-;-;-;-;-;-;
TEST;-;X;X;-;-;X;-;X;X;-;-;X;X;-;-;X;X;-;-;
TEST_ENG_OPENSSL_NO_ALGORITHMS;-;-;X;X;X;X;-;-;-;-;X;X;-;X;-;-;-;-;-;
TEST_ENG_OPENSSL_PKEY;-;X;-;X;-;X;-;X;-;X;-;X;X;-;X;-;X;-;-;
TEST_ENG_OPENSSL_RC4;-;X;X;X;-;-;-;X;-;X;-;X;X;-;-;-;-;-;-;
TEST_ENG_OPENSSL_RC4_OTHERS;-;X;-;X;-;X;-;X;-;X;X;-;-;X;X;X;-;-;-;
TEST_ENG_OPENSSL_RC4_P_CIPHER;-;X;-;X;-;X;-;X;X;-;X;-;-;X;X;-;-;-;-;
TEST_ENG_OPENSSL_RC4_P_INIT;-;X;X;-;-;-;X;-;X;X;X;X;-;-;-;-;-;-;-;
TEST_ENG_OPENSSL_SHA;-;X;-;X;X;X;-;-;X;X;-;-;-;X;-;-;-;-;-;
TEST_ENG_OPENSSL_SHA_OTHERS;-;X;X;-;-;X;X;-;X;-;-;X;-;X;-;X;-;-;-;
TEST_ENG_OPENSSL_SHA_P_FINAL;-;X;-;-;X;X;X;-;X;-;X;-;X;-;-;X;-;-;-;
TEST_ENG_OPENSSL_SHA_P_INIT;-;-;X;X;X;-;X;X;-;-;-;-;-;X;X;-;-;-;-;
TEST_ENG_OPENSSL_SHA_P_UPDATE;-;X;X;-;-;-;X;-;X;X;X;-;X;-;-;-;-;-;-;
TEST_EXP;-;-;X;X;X;-;-;X;X;-;X;-;-;X;-;X;-;-;-;
TEST_GCD;-;X;-;X;X;-;-;X;X;X;-;-;-;X;X;-;-;-;-;
TEST_INV;-;X;X;-;X;-;X;-;-;X;-;-;X;-;X;X;-;-;-;
TEST_KRON;-;X;X;-;X;-;X;-;X;-;-;X;X;-;-;-;-;-;-;
TEST_MUL;-;X;-;X;-;-;X;X;X;-;X;-;X;-;-;-;-;-;-;
TEST_SQR;-;X;-;X;-;X;X;-;X;-;-;-;X;-;X;X;-;-;-;
TEST_SQRT;-;-;X;X;X;-;-;X;X;-;-;X;X;-;-;X;-;-;-;
THIRTY_TWO_BIT;-;X;X;-;X;-;X;-;-;-;X;X;X;X;-;-;-;-;-;
TIMES;-;X;X;-;X;X;-;-;X;-;-;-;X;X;-;-;-;-;-;
TLS1_ALLOW_EXPERIMENTAL_CIPHERSUITES;-;-;X;X;-;X;X;-;-;X;X;-;X;-;-;X;X;-;-;
TLSEXT_TYPE_next_proto_neg;-;X;-;X;-;X;X;-;X;-;X;-;-;-;X;X;-;-;-;
TLSEXT_TYPE_opaque_prf_input;-;-;X;X;-;X;X;-;-;X;X;-;-;X;X;-;-;X;-;
TLS_APP;-;X;-;X;X;-;-;-;X;X;X;X;-;-;-;-;-;-;-;
TLS_APP_ERRFLUSH;-;-;X;X;X;-;-;X;-;X;-;X;X;X;-;-;-;-;-;
TLS_APP_PROCESS_INIT;-;X;-;X;-;X;-;X;X;-;X;-;-;-;X;X;X;-;-;
TLS_CUMULATE_ERRORS;-;X;-;X;X;-;X;-;X;X;-;-;X;-;X;-;-;-;-;
TLS_DEBUG;-;-;X;X;-;X;X;-;-;X;-;-;X;X;X;-;-;-;-;
TLS_ERROR_BUFSIZ;-;-;X;X;-;X;-;X;-;X;-;X;X;X;-;-;-;-;-;
TRUNCATE;-;-;X;X;-;X;-;X;-;X;X;-;X;X;-;-;-;-;-;
TTY_FLAGS;-;-;X;X;-;X;X;-;X;X;-;X;-;-;-;-;-;-;-;
TTY_get;-;X;X;-;X;-;-;X;X;-;X;X;-;-;-;-;-;-;-;
TTY_set;-;X;-;X;-;X;-;X;X;-;X;-;X;X;-;-;-;-;-;
UBSEC_LIB_NAME;-;X;X;-;X;X;-;-;-;X;X;-;-;-;-;-;-;-;-;
UNALIGNED_MEMOPS_ARE_FAST;-;X;-;X;X;X;-;X;-;-;X;-;X;-;X;-;-;-;-;
UNDEF;-;X;X;-;-;X;-;X;-;X;-;-;X;X;-;X;-;-;-;
UNICODE;-;X;-;X;X;-;-;X;-;X;-;X;X;X;X;-;-;-;-;
UP_fsetmod;-;X;-;X;X;X;-;-;-;X;-;X;X;-;-;-;-;-;-;
USE_CRYPTODEV_DIGESTS;-;-;X;X;-;X;X;-;-;X;X;-;X;-;-;X;-;X;-;
USE_DECC_INIT;-;X;X;-;-;X;X;-;X;-;-;-;X;X;X;-;-;-;-;
USE_MUTEX;-;X;X;-;X;-;-;-;X;X;-;-;X;X;-;-;-;-;-;
USE_TOD;-;X;-;X;X;-;X;X;-;-;-;X;-;X;-;-;-;-;-;
USG;-;X;X;-;X;-;-;X;X;-;X;-;X;-;-;X;-;-;-;
VMS_GMTIME_OK;-;X;X;-;X;-;X;-;X;-;-;X;-;-;X;X;-;-;-;
VPAES_ASM;-;X;X;-;-;X;X;-;-;X;X;-;X;-;-;X;-;-;-;
VPAES_CAPABLE;-;-;X;X;X;-;-;X;X;-;-;-;X;X;-;-;-;-;-;
WATT32;-;-;X;X;-;X;X;-;X;-;-;X;-;X;X;-;-;-;-;
WSAAPI;-;-;X;X;X;X;-;-;X;-;X;-;X;-;-;-;-;-;-;
W_OK;-;-;X;X;X;X;-;-;X;-;-;X;-;X;-;-;-;-;-;
X;-;X;X;-;-;X;-;X;-;X;X;X;-;-;-;-;-;-;-;
X509_V3;-;X;X;-;-;X;-;X;-;X;-;X;-;X;-;X;-;-;-;
ZENCOD_LIB_NAME;-;X;-;X;-;X;-;X;-;-;X;X;X;-;-;-;-;-;-;
ZLIB;-;X;-;X;X;-;-;X;X;-;-;X;-;X;X;-;-;-;-;
ZLIB_SHARED;-;X;-;X;-;X;-;X;X;-;X;X;-;X;-;-;-;-;-;
_AIX;-;-;X;X;-;-;X;X;X;-;-;-;X;X;-;-;-;-;-;
_ANSI_C_SOURCE;-;X;-;-;X;X;X;X;-;-;X;-;-;-;-;-;-;-;-;
_ARM_;-;X;X;-;-;-;X;X;X;X;-;-;-;X;-;-;-;-;-;
_CRAY;-;X;X;-;-;X;X;X;-;-;-;-;X;-;-;-;-;-;-;
_FILE_OFFSET_BITS;-;-;X;-;X;X;X;X;-;-;X;-;-;X;-;-;-;-;-;
_IOB_ENTRIES;-;X;-;X;-;X;-;X;X;-;X;-;X;-;X;-;X;-;-;
_IONBF;-;-;X;X;X;-;X;-;-;X;-;X;-;X;X;-;-;-;-;
_LIBC;-;X;-;X;-;X;-;X;X;-;X;-;X;-;X;X;-;-;-;
_MIPS_;-;X;X;-;X;-;X;-;X;-;-;-;X;X;-;X;-;-;-;
_MSC_VER;-;-;X;X;X;-;-;X;X;-;X;-;X;-;-;-;-;-;-;
_M_IX86;-;X;X;-;-;-;X;X;X;-;X;X;-;-;-;X;-;-;-;
_M_X86;-;X;X;X;-;-;X;-;-;X;-;-;X;-;-;-;-;-;-;
_OSD_POSIX;-;X;X;-;-;X;X;-;X;-;-;X;X;-;-;-;-;-;-;
_POSIX_VERSION;-;X;-;X;X;-;X;X;X;-;-;-;-;-;-;-;-;-;-;
_RLD_INTERFACE_DLFCN_H_DLADDR;-;X;X;-;-;X;-;X;-;X;-;X;-;X;X;-;-;-;-;
_SC_CLK_TCK;-;X;X;-;X;X;-;-;-;X;-;X;-;-;X;-;-;-;-;
_UNICODE;-;-;X;X;X;-;-;X;-;-;X;X;X;-;-;-;-;-;-;
_VMS_V6_SOURCE;-;-;X;X;X;-;-;X;X;X;-;X;-;-;-;-;-;-;-;
__APPLE_CC__;-;X;-;X;X;-;X;-;-;X;-;-;-;X;X;-;X;-;-;
__APPLE__;-;X;X;-;-;-;X;X;X;-;X;-;X;-;-;X;-;-;-;
__BORLANDC__;-;-;X;X;-;-;X;-;X;X;X;-;-;-;-;-;-;-;-;
__COMPILE_CAPIENG;-;X;-;-;X;-;X;X;X;-;X;-;X;-;-;-;-;-;-;
__DECC;-;X;-;X;X;X;-;-;X;-;X;-;X;-;-;X;-;-;-;
__ICC;-;-;X;X;X;-;-;-;X;X;-;X;X;-;X;X;-;-;-;
__KLIBC__;-;X;X;-;X;-;X;-;X;-;X;-;X;-;X;-;X;-;-;
__MACH__;-;X;-;X;-;X;-;X;-;X;X;-;-;X;X;-;X;-;-;
__MINGW32;-;X;-;-;X;X;-;X;X;-;-;X;X;-;-;-;-;-;-;
__MINGW32__;-;X;X;-;X;-;-;X;-;X;-;X;X;-;-;X;X;-;-;
__MSVCRT__;-;-;X;X;X;-;X;-;-;X;X;-;-;-;-;-;-;-;-;
__MWERKS__;-;-;X;X;X;-;-;X;X;-;X;-;-;-;X;X;-;-;-;
__NOVELL_LIBC__;-;X;-;X;X;-;-;X;X;-;X;-;X;-;X;X;X;-;-;
__NetBSD__;-;X;X;-;-;X;-;X;-;-;X;-;X;X;-;-;-;-;-;
__OpenBSD__;-;X;-;X;-;X;X;-;X;-;X;X;-;-;-;-;-;-;-;
__STDC__;-;X;-;X;X;-;X;-;-;X;X;X;-;-;X;-;-;-;-;
__SVR4;-;X;-;X;-;-;X;X;X;-;-;X;-;X;-;-;-;-;-;
__TANDEM;-;-;X;X;X;X;-;-;-;X;-;X;-;X;X;-;-;-;-;
__TMS;-;X;-;X;X;-;-;X;-;X;X;-;-;X;-;-;X;-;-;
__UNICODE__;-;-;X;X;-;X;-;X;-;X;X;-;X;-;-;X;-;-;-;
__U_INT;-;X;X;-;-;-;X;X;-;X;X;-;X;-;X;-;-;-;-;
__WATCOMC__;-;X;-;X;X;-;X;-;X;-;-;-;X;X;X;-;-;-;-;
__arch64__;-;X;-;X;X;X;X;-;-;-;X;-;X;-;-;-;-;-;-;
__arm;-;X;X;X;-;-;X;-;-;X;X;-;-;-;-;-;-;-;-;
__hpux;-;X;-;X;X;X;-;-;X;-;-;X;-;X;-;-;-;-;-;
__i386;-;-;X;-;X;X;X;-;-;X;X;X;-;-;-;-;-;-;-;
__i386__;-;X;X;-;X;-;-;-;X;-;X;X;X;-;-;-;-;-;-;
__int64;-;X;-;X;-;X;X;-;X;X;-;-;-;-;-;-;-;-;-;
__linux;-;-;X;X;X;X;-;-;-;X;X;-;-;X;-;-;-;-;-;
__sun;-;X;-;X;-;X;-;X;X;-;-;X;X;-;X;-;-;-;-;
__ultrix;-;-;X;X;-;X;-;X;X;-;-;X;-;-;X;X;-;-;-;
__unix__;-;X;-;X;X;-;X;-;-;X;X;-;X;X;-;-;-;-;-;
__x86_64;-;X;-;-;X;X;X;-;X;-;X;-;X;-;X;-;-;-;-;
__x86_64__;-;-;X;X;X;-;X;-;X;-;-;X;-;X;-;X;-;-;-;
alloca;-;X;-;-;X;X;-;X;-;X;-;X;X;-;-;-;-;-;-;
bn_div_words;-;X;-;X;X;-;-;X;X;-;X;X;-;X;-;X;-;-;-;
gmtime_r;-;X;-;X;X;X;-;X;-;-;-;X;-;X;X;-;X;-;-;
krb5_cc_get_principal;-;-;X;X;X;-;-;X;X;-;-;X;X;-;X;-;-;-;-;
krb5_kt_close;-;X;-;X;X;-;X;-;X;-;X;-;X;X;-;-;-;-;-;
krb5_kt_get_entry;-;-;X;X;X;-;-;X;-;-;X;X;-;X;-;-;-;-;-;
krb5_rc_destroy;-;-;X;X;X;-;-;X;-;X;-;X;X;-;X;-;-;-;-;
krb5_rc_get_lifespan;-;X;X;X;-;-;-;-;X;X;X;-;-;X;-;-;-;-;-;
krb5_rc_initialize;-;X;X;-;-;X;-;X;X;-;X;X;-;-;X;-;-;-;-;
krb5_x;-;-;X;X;X;X;-;-;X;X;-;-;-;-;-;-;-;-;-;
linux;-;-;X;X;X;X;-;-;-;X;-;-;X;X;-;X;-;-;-;
md4_block_data_order;-;-;X;X;X;-;-;-;X;X;-;X;X;X;X;-;-;-;-;
md5_block_data_order;-;-;X;X;-;-;X;X;-;X;-;X;X;-;-;-;-;-;-;
min;-;X;X;-;X;-;-;X;-;X;X;-;X;X;-;-;-;-;-;
mul64;-;-;X;X;-;X;X;X;-;-;-;-;X;-;-;-;-;-;-;
offsetof;-;X;X;-;-;-;X;X;-;X;X;-;-;X;X;-;-;-;-;
ripemd160_block_data_order;-;X;X;-;-;X;X;-;-;X;X;-;X;-;X;-;-;-;-;
unix;-;-;X;-;X;X;-;-;X;X;X;-;-;-;-;-;-;-;-;
HAVE_SELECT;-;X;-;X;-;-;X;-;X;X;-;X;-;X;-;-;-;-;-;
HAVE_SOCKET;-;-;X;-;X;X;-;X;-;-;X;-;X;-;-;-;-;-;-;
USE_MD5_RAND;-;X;-;X;-;X;X;X;-;-;-;X;X;-;-;-;-;-;-;
USE_SHA1_RAND;-;-;X;-;X;X;X;-;X;-;X;-;X;-;-;-;-;-;-;
USE_MDC2_RAND;-;-;X;X;-;X;-;X;X;-;X;-;-;X;-;X;-;-;-;
USE_MD2_RAND;-;X;X;-;X;-;-;X;-;X;-;X;-;X;X;-;-;-;-;
OPENSSL_NO_BUFFER;-;X;X;-;-;X;-;-;X;X;-;-;X;X;-;-;-;-;-;
OPENSSL_NO_STORE;-;X;-;X;X;X;X;-;-;-;X;-;-;X;-;-;-;-;-;
DATA_ORDER_IS_BIG_ENDIAN;X;-;-;X;-;X;X;X;-;-;-;-;X;X;X;X;X;X;X;
DATA_ORDER_IS_LITTLE_ENDIAN;-;X;X;-;X;-;-;-;X;X;X;X;-;-;-;-;-;-;-;
